{
  "CG": [
    0,
    0,
    0
  ],
  "weight": 100.0,
  "reference": {
    "area": 225.0,
    "longitudinal_length": 6.5,
    "lateral_length": 36.74
  },
  "airfoils": {
    "NACA_0010": {
      "type": "linear",
      "aL0": 0.0,
      "CLa": 6.28318530717959,
      "CmL0": 0.0,
      "Cma": 0.0,
      "CD0": 0.0,
      "CD1": 0.0,
      "CD2": 0.0,
      "CL_max": 1.4
    }
  },
  "wings": {
    "main_wing": {
      "ID": 1,
      "side": "both",
      "is_main": true,
      "semispan": 18.37,
      "airfoil": "NACA_0010",
      "twist": [
        [
          0.0,
          14.0
        ],
        [
          0.0003854818796385495,
          13.99906019647067
        ],
        [
          0.0034657715225368535,
          13.991556548312193
        ],
        [
          0.009607359798384785,
          13.976628002219782
        ],
        [
          0.01877238177317636,
          13.954431713752177
        ],
        [
          0.03090433203875792,
          13.925202661070694
        ],
        [
          0.045928413087459374,
          13.889253027458091
        ],
        [
          0.06375199646360141,
          13.846971828121216
        ],
        [
          0.08426519384872738,
          13.79882511035613
        ],
        [
          0.10734153455962753,
          13.745357078325
        ],
        [
          0.13283874528215722,
          13.687192489406344
        ],
        [
          0.1605996272335291,
          13.625040641981421
        ],
        [
          0.19045302534508302,
          13.559701228933147
        ],
        [
          0.22221488349019886,
          13.49207227048963
        ],
        [
          0.2556893792515225,
          13.423160265565453
        ],
        [
          0.29067013123128593,
          13.354092610544294
        ],
        [
          0.3269414714612535,
          13.286132222984673
        ],
        [
          0.36427977506746284,
          13.220694165725483
        ],
        [
          0.40245483899193585,
          13.159363881431233
        ],
        [
          0.4412313012710811,
          13.103916402801346
        ],
        [
          0.48037009212046566,
          13.056335581538193
        ],
        [
          0.5196299078795342,
          13.018831961761391
        ],
        [
          0.5587686987289188,
          12.993857396256692
        ],
        [
          0.5975451610080641,
          12.984113860985014
        ],
        [
          0.6357202249325371,
          12.992553176102446
        ],
        [
          0.6730585285387465,
          13.022363530880599
        ],
        [
          0.709329868768714,
          13.076937920255228
        ],
        [
          0.7443106207484775,
          13.159818978770918
        ],
        [
          0.777785116509801,
          13.27461446678715
        ],
        [
          0.8095469746549171,
          13.424878129646006
        ],
        [
          0.8394003727664707,
          13.613952184469383
        ],
        [
          0.8671612547178428,
          13.844770673841733
        ],
        [
          0.8926584654403724,
          14.119627646603774
        ],
        [
          0.9157348061512727,
          14.43992060660468
        ],
        [
          0.9362480035363985,
          14.805887468116223
        ],
        [
          0.9540715869125407,
          15.21636328409228
        ],
        [
          0.969095667961242,
          15.668589487801906
        ],
        [
          0.9812276182268236,
          16.15811103788041
        ],
        [
          0.9903926402016152,
          16.678793466744978
        ],
        [
          0.9965342284774632,
          17.22298107918752
        ],
        [
          0.9996145181203615,
          17.781799869707395
        ],
        [
          1.0,
          18.063693338583136
        ]
      ],
      "chord": [
        [
          0.0,
          8.75
        ],
        [
          1.0,
          3.5
        ]
      ],
      "grid": {
        "N": 40
      }
    }
  }
}