{
  "CG": [
    0,
    0,
    0
  ],
  "weight": 100.0,
  "reference": {
    "area": 225.0,
    "longitudinal_length": 6.5,
    "lateral_length": 36.74
  },
  "airfoils": {
    "NACA_0010": {
      "type": "linear",
      "aL0": 0.0,
      "CLa": 6.28318530717959,
      "CmL0": 0.0,
      "Cma": 0.0,
      "CD0": 0.0,
      "CD1": 0.0,
      "CD2": 0.0,
      "CL_max": 1.4
    }
  },
  "wings": {
    "main_wing": {
      "ID": 1,
      "side": "both",
      "is_main": true,
      "connect_to": {
        "location": "root",
        "dz": -1.837
      },
      "semispan": 18.37,
      "airfoil": "NACA_0010",
      "twist": [
        [
          0.0,
          3.5785140756024543
        ],
        [
          0.0003854818796385495,
          3.5775742720731234
        ],
        [
          0.0034657715225368535,
          3.570070623914647
        ],
        [
          0.009607359798384785,
          3.555142077822236
        ],
        [
          0.01877238177317636,
          3.5329457893546308
        ],
        [
          0.03090433203875792,
          3.503716736673148
        ],
        [
          0.045928413087459374,
          3.467767103060545
        ],
        [
          0.06375199646360141,
          3.42548590372367
        ],
        [
          0.08426519384872738,
          3.377339185958584
        ],
        [
          0.10734153455962753,
          3.3238711539274544
        ],
        [
          0.13283874528215722,
          3.265706565008798
        ],
        [
          0.1605996272335291,
          3.203554717583875
        ],
        [
          0.19045302534508302,
          3.138215304535602
        ],
        [
          0.22221488349019886,
          3.0705863460920835
        ],
        [
          0.2556893792515225,
          3.001674341167908
        ],
        [
          0.29067013123128593,
          2.9326066861467477
        ],
        [
          0.3269414714612535,
          2.864646298587127
        ],
        [
          0.36427977506746284,
          2.799208241327938
        ],
        [
          0.40245483899193585,
          2.7378779570336866
        ],
        [
          0.4412313012710811,
          2.682430478403801
        ],
        [
          0.48037009212046566,
          2.634849657140647
        ],
        [
          0.5196299078795342,
          2.5973460373638457
        ],
        [
          0.5587686987289188,
          2.572371471859146
        ],
        [
          0.5975451610080641,
          2.562627936587468
        ],
        [
          0.6357202249325371,
          2.5710672517049007
        ],
        [
          0.6730585285387465,
          2.6008776064830523
        ],
        [
          0.709329868768714,
          2.655451995857682
        ],
        [
          0.7443106207484775,
          2.7383330543733733
        ],
        [
          0.777785116509801,
          2.8531285423896056
        ],
        [
          0.8095469746549171,
          3.003392205248459
        ],
        [
          0.8394003727664707,
          3.192466260071838
        ],
        [
          0.8671612547178428,
          3.423284749444188
        ],
        [
          0.8926584654403724,
          3.698141722206229
        ],
        [
          0.9157348061512727,
          4.018434682207134
        ],
        [
          0.9362480035363985,
          4.3844015437186785
        ],
        [
          0.9540715869125407,
          4.794877359694733
        ],
        [
          0.969095667961242,
          5.2471035634043615
        ],
        [
          0.9812276182268236,
          5.736625113482864
        ],
        [
          0.9903926402016152,
          6.257307542347432
        ],
        [
          0.9965342284774632,
          6.801495154789972
        ],
        [
          0.9996145181203615,
          7.3603139453098505
        ],
        [
          1.0,
          7.642207414185588
        ]
      ],
      "chord": [
        [
          0.0,
          8.75
        ],
        [
          1.0,
          3.5
        ]
      ],
      "grid": {
        "N": 40
      }
    },
    "ground_effect_wing": {
      "ID": 2,
      "side": "both",
      "is_main": false,
      "connect_to": {
        "location": "root",
        "dz": 1.837
      },
      "semispan": 18.37,
      "airfoil": "NACA_0010",
      "twist": [
        [
          0.0,
          -3.5785140756024543
        ],
        [
          0.0003854818796385495,
          -3.5775742720731234
        ],
        [
          0.0034657715225368535,
          -3.570070623914647
        ],
        [
          0.009607359798384785,
          -3.555142077822236
        ],
        [
          0.01877238177317636,
          -3.5329457893546308
        ],
        [
          0.03090433203875792,
          -3.503716736673148
        ],
        [
          0.045928413087459374,
          -3.467767103060545
        ],
        [
          0.06375199646360141,
          -3.42548590372367
        ],
        [
          0.08426519384872738,
          -3.377339185958584
        ],
        [
          0.10734153455962753,
          -3.3238711539274544
        ],
        [
          0.13283874528215722,
          -3.265706565008798
        ],
        [
          0.1605996272335291,
          -3.203554717583875
        ],
        [
          0.19045302534508302,
          -3.138215304535602
        ],
        [
          0.22221488349019886,
          -3.0705863460920835
        ],
        [
          0.2556893792515225,
          -3.001674341167908
        ],
        [
          0.29067013123128593,
          -2.9326066861467477
        ],
        [
          0.3269414714612535,
          -2.864646298587127
        ],
        [
          0.36427977506746284,
          -2.799208241327938
        ],
        [
          0.40245483899193585,
          -2.7378779570336866
        ],
        [
          0.4412313012710811,
          -2.682430478403801
        ],
        [
          0.48037009212046566,
          -2.634849657140647
        ],
        [
          0.5196299078795342,
          -2.5973460373638457
        ],
        [
          0.5587686987289188,
          -2.572371471859146
        ],
        [
          0.5975451610080641,
          -2.562627936587468
        ],
        [
          0.6357202249325371,
          -2.5710672517049007
        ],
        [
          0.6730585285387465,
          -2.6008776064830523
        ],
        [
          0.709329868768714,
          -2.655451995857682
        ],
        [
          0.7443106207484775,
          -2.7383330543733733
        ],
        [
          0.777785116509801,
          -2.8531285423896056
        ],
        [
          0.8095469746549171,
          -3.003392205248459
        ],
        [
          0.8394003727664707,
          -3.192466260071838
        ],
        [
          0.8671612547178428,
          -3.423284749444188
        ],
        [
          0.8926584654403724,
          -3.698141722206229
        ],
        [
          0.9157348061512727,
          -4.018434682207134
        ],
        [
          0.9362480035363985,
          -4.3844015437186785
        ],
        [
          0.9540715869125407,
          -4.794877359694733
        ],
        [
          0.969095667961242,
          -5.2471035634043615
        ],
        [
          0.9812276182268236,
          -5.736625113482864
        ],
        [
          0.9903926402016152,
          -6.257307542347432
        ],
        [
          0.9965342284774632,
          -6.801495154789972
        ],
        [
          0.9996145181203615,
          -7.3603139453098505
        ],
        [
          1.0,
          -7.642207414185588
        ]
      ],
      "chord": [
        [
          0.0,
          8.75
        ],
        [
          1.0,
          3.5
        ]
      ],
      "grid": {
        "N": 40
      }
    }
  }
}