{
    "traditional_airplane": {
        "inviscid": {
            "Cx": {
                "main_wing_left": -0.00014068454923832878,
                "main_wing_right": -0.00014068454923832864,
                "total": -0.00028136909847665745
            },
            "Cy": {
                "main_wing_left": 0.0,
                "main_wing_right": 0.0,
                "total": 0.0
            },
            "Cz": {
                "main_wing_left": 0.017243581155024515,
                "main_wing_right": 0.01724358115502456,
                "total": 0.03448716231004908
            },
            "Cl": {
                "main_wing_left": -0.004672763719971466,
                "main_wing_right": 0.004672763719971473,
                "total": 6.364612753427717e-18
            },
            "Cm": {
                "main_wing_left": 0.0,
                "main_wing_right": 0.0,
                "total": 0.0
            },
            "Cn": {
                "main_wing_left": -2.312179996715273e-05,
                "main_wing_right": 2.3121799967152716e-05,
                "total": -1.3560964673496558e-20
            },
            "CL": {
                "main_wing_left": -0.017243581155024515,
                "main_wing_right": -0.01724358115502456,
                "total": -0.03448716231004908
            },
            "CD": {
                "main_wing_left": 0.00014068454923832878,
                "main_wing_right": 0.00014068454923832864,
                "total": 0.00028136909847665745
            },
            "CS": {
                "main_wing_left": 0.0,
                "main_wing_right": 0.0,
                "total": 0.0
            },
            "Cl_w": {
                "main_wing_left": 0.004672763719971466,
                "main_wing_right": -0.004672763719971473,
                "total": -6.364612753427717e-18
            },
            "Cm_w": {
                "main_wing_left": 0.0,
                "main_wing_right": 0.0,
                "total": 0.0
            },
            "Cn_w": {
                "main_wing_left": 2.312179996715273e-05,
                "main_wing_right": -2.3121799967152716e-05,
                "total": 1.3560964673496558e-20
            }
        },
        "viscous": {
            "Cx": {
                "main_wing_left": 0.0,
                "main_wing_right": 0.0,
                "total": 0.0
            },
            "Cy": {
                "main_wing_left": 0.0,
                "main_wing_right": 0.0,
                "total": 0.0
            },
            "Cz": {
                "main_wing_left": 0.0,
                "main_wing_right": 0.0,
                "total": 0.0
            },
            "Cl": {
                "main_wing_left": 0.0,
                "main_wing_right": 0.0,
                "total": 0.0
            },
            "Cm": {
                "main_wing_left": 0.0,
                "main_wing_right": 0.0,
                "total": 0.0
            },
            "Cn": {
                "main_wing_left": 0.0,
                "main_wing_right": 0.0,
                "total": 0.0
            },
            "CL": {
                "main_wing_left": 0.0,
                "main_wing_right": 0.0,
                "total": 0.0
            },
            "CD": {
                "main_wing_left": 0.0,
                "main_wing_right": 0.0,
                "total": 0.0
            },
            "CS": {
                "main_wing_left": 0.0,
                "main_wing_right": 0.0,
                "total": 0.0
            },
            "Cl_w": {
                "main_wing_left": 0.0,
                "main_wing_right": 0.0,
                "total": 0.0
            },
            "Cm_w": {
                "main_wing_left": 0.0,
                "main_wing_right": 0.0,
                "total": 0.0
            },
            "Cn_w": {
                "main_wing_left": 0.0,
                "main_wing_right": 0.0,
                "total": 0.0
            }
        },
        "total": {
            "Cx": -0.00028136909847665745,
            "Cy": 0.0,
            "Cz": 0.03448716231004908,
            "Cl": 6.364612753427717e-18,
            "Cm": 0.0,
            "Cn": -1.3560964673496558e-20,
            "CD": 0.00028136909847665745,
            "CS": 0.0,
            "CL": -0.03448716231004908,
            "Cl_w": -6.364612753427717e-18,
            "Cm_w": 0.0,
            "Cn_w": 1.3560964673496558e-20
        }
    }
}